,cluster_num,LIFEMILES_POINTS,TIER_POINTS,BASE_POINTS,BONUS_POINTS,Gender,PC,Source
0,0,0.0,0.0,80.08387096774193,22.961290322580645,1.396774193548387,5.508387096774194,1.9845161290322582
1,1,0.0,0.0,1350.0927357032458,0.9273570324574961,1.7527047913446676,9.953632148377125,2.081916537867079
2,2,0.0,0.0,527.5238095238095,14.166666666666666,1.4841269841269842,9.854497354497354,1.8915343915343916
